artist,genre
Zuni,rain
Rusty Eye,
Olivier Lupin,
Spin Doctors,alternative rock
Sonic Brainwaves,binaural
Stereophonics,britpop
Nature Of Sweden,
Björk,art pop
The Sins Of Thy Beloved,gothic metal
Disturbed,alternative metal
Laura Antelme,
Project Hologram,
Northern Lights,background music
Pim Miles,atmosphere
Edward Elysseus,background music
Arctic Monkeys,garage rock
Good Riddance,melodic hardcore
Phantogram,electropop
Ella Drake,
Daily Calm,rain
Chaima Bergevoet,
Almafuerte,argentine heavy metal
The White Stripes,alternative rock
Gondwana,latin alternative
Jawsh 685,nz pop
Megadeth,album rock
Mikkel Boyer,
Sublime,alternative rock
Pol To Sol,
Quiet Riot,album rock
Carcass,alternative metal
Carligo,sleep
Hidrogenesse,spanish indie pop
Zeb Maessen,sleep
Patricio Rey y sus Redonditos de Ricota,argentine rock
boom boom kid,argentine indie
Madds,gen z singer-songwriter
Creando LatAm,
Billy Squier,album rock
Jagjit Singh,classic bollywood
Sinéad O'Connor,lilith
Sex Pistols,punk
Blur,alternative rock
Szigeti Aliz,background music
Armand DeLuca,
Vampire Weekend,baroque pop
Yonah Stana,
Los De Abajo,latin alternative
Friccion,post-punk argentina
Moments of Clarity,background music
Blund,electro jazz
Brandon Fiechter,middle earth
Violent Femmes,acoustic punk
De Maynes,
Jarabe De Palo,latin
E I S U,
Roy Holtz,
Los Daniels,latin alternative
goldenchildren,lo-fi chill
Bushido,aggro chileno
The Dandy Warhols,alternative dance
Antidoping,latin alternative
Dread Mar I,argentine reggae
Visitors Not Strangers,
Sgt. Papers,latin american heavy psych
Joan Magana,sleep
Aerosmith,album rock
Above & Beyond,edm
Bilbo Hendrix,
Sonidos Suaves,
Dino Warriors,
Gang Of Four,alternative rock
Josep Alba,background music
Sounds of Love,sleep
Silent City,
Psicología Oscura,
Sonido Del Bosque y Naturaleza,musica de fondo
Kinship Networks,
Massagem Guru,musica de fondo
High Sampling,rain
Massimu,sleep
Fun People,argentine hardcore
Naturen,rain
shego,panamanian pop
The Beat,beatlesque
Los Garbanzos,punk tico
Mindful Eclipse,mindfulness
Magazine,alternative rock
Ezechiel Almonte,
ELYX,
Nordic Rain,
Eluvium,ambient
AMBIE,
Resorte,latin alternative
Carl Borg,
Susan Boyle,operatic pop
Sonic Scenario,brazilian edm
Wolfmother,alternative rock
Puerto Candelaria,colombian rock
Molchat Doma,belarusian indie
Soothing Music Academy,
Katana Angels,
Nicolas Fuentes,
Lake Isabel,background piano
Ocean Island,
Nimbus Skies,
La Sexta Vocal,musica indigena mexicana
W Podcast,
Lucas Estrada,deep house
Cyrano Brussee,
Yeah Yeah Yeahs,alternative dance
Phoenix,alternative dance
Velvet Felt,
Primer Dia,background music
Enjambre,indie rock mexicano
Fastball,pop rock
Los Fresones Rebeldes,spanish indie pop
Nils August Valentin,sleep
Natalie Merchant,folk
Roxy Music,album rock
Stellarscopees,
Nacreous Clouds,
Salon Victoria,latin alternative
Podcast Power BI,
Teresa Muñoz,
Motorama,deep gothic post-punk
Petra Espiritu,
Los Concorde,latin alternative
David Otero,latin arena pop
Counting Crows,alternative rock
Lily Allen,dance pop
Flor de Loto,musica de fondo
La Habitación Roja,cantautor
Rain,
When It Rains In California,rain
Los Estramboticos,latin alternative
The Flys,post-grunge
Love Battery,grunge
Chris Stapleton,contemporary country
Porter,complextro
Soda Stereo,argentine rock
Macy Gray,neo soul
August Deware,
Heartbeat Sirens,
Carl Stark Willgold,
MexFutura,cdmx indie
Tom Petty and the Heartbreakers,album rock
OV7,latin
Rebecka Aether,sleep
Petite Amie,mexican indie
Monocordio,latin alternative
Jose Fors,mexican rock
Liro Shaq,dembow
Bhramari,
ChocQuibTown,colombian hip hop
Iggy Pop,alternative rock
Divino Kabaret,
Level 42,art rock
Helmet,alternative metal
The Future Sound of XYZ,background music
Player1,traprun
Jerzy Stól,
For The Lost,sleep
Ben Zullo,
dryhope,chillhop
Röyksopp,alternative dance
Adaptados,punk tico
Royal Blood,alternative rock
M. David,
Hector Warrens,sleep
Maria Fatal,
Mindful Changes,sleep
Alexander Brinkman,sleep
Sola Vimi,sleep
Rain Hard,rain
Los Angeles Negros,chilean rock
Troye Sivan,australian pop
Cokobi,sleep
IFEELU,background music
Siddhartha,mexican indie
Temple Of The Dog,alternative metal
Ruzzi,mexican indie
Tim Christensen,danish pop
Minonna,background music
Danna Paola,latin
Rob Zombie,alternative metal
Big Audio Dynamite,dance rock
Dave Grohl,alternative rock
Jay Belshaw,sleep
Foals,indie rock
Alisieu,sleep
Aerial Love,
El Bar de Los Broder Tolquin,
Babasónicos,argentine rock
Tine Mydland,sleep
Juno Reed,sleep
Sonic Youth,alternative rock
Shibb,sleep
Charly García,argentine rock
Charlie Cunningham,british singer-songwriter
Doosi,
Samira Tesfay,sleep
Feten Feten,
Paty Cantú,latin
J Balvin,latin
Calle 13,latin
The Glorious Sons,canadian indie
Collective Soul,alternative metal
Paul Kalkbrenner,electronica
Ruido Rosa,mexican indie
Penny Layn,sleep
Bonart,
Various Artists,dancehall
La Revo,mexican classic rock
Billy Talent,alternative metal
Los Pandilleros,rockabilly en espanol
DataFramed,
Gorillaz,alternative hip hop
The Sleep & Focus Group,rain
Opeth,alternative metal
Leah Day,sleep
Ed Sheeran,pop
Vale,hollywood
Mindful Measures,rain
Alice In Chains,alternative metal
Cuestión de Datos,
Jef Martens,neo-classical
Weichafe,chilean hardcore
Los Fabulosos Cadillacs,argentine rock
Prewitt Massé,
Sólo Los Solo,spanish hip hop
Hypertime,
The Lay-Backs,sleep
Zoe Handfield,
George Michael,
Arch Enemy,alternative metal
Skizoo,latin metal
Prayers,electronic rock
Olivia Rodrigo,pop
Meredith Brooks,lilith
Orgy,alternative metal
Dover,rock en espanol
Ever So Blue,background piano
Gustavo Cerati,argentine rock
The Smiths,madchester
Jon Bon Jovi,hard rock
Rage Against The Machine,alternative metal
Mono Inc.,dark rock
Amel Scott,
Rain is my Life,rain
Pulp,alternative rock
Natalia Lafourcade,latin alternative
Lana Del Rey,art pop
Mehdi Teyt & Rehla X,background music
Aterciopelados,colombian rock
Guns N' Roses,glam metal
Reuben Hensley,
The Killers,alternative rock
Olvidara,rain
petr pechal,
White Lies,alternative dance
Satomi Saeki,chinese traditional
Los Muertos de Cristo,spanish punk
Harry Styles,pop
Lorde,art pop
Social Distortion,punk
The Rain Guru,rain
Timbiriche,latin
Twenty One Pilots,modern rock
El Podcast DEV,
IDLES,bristol indie
Relaxing Nature Recordings,rain
Timothy Brownie,cdmx indie
Outside HD Samples,water
Dua Lipa,dance pop
Stream of Passion,dutch metal
Soundgarden,alternative metal
cxlt.,
Pappo's Blues,argentine rock
Trolebús,rock urbano mexicano
Rayne,rain
Regnskur,rain
Los Romanticos de Zacatecas,deep latin alternative
"Filosofía, Psicología, Historias",
Liquid Mind,ambient
Calvin Harris,dance pop
Concrete Blonde,lilith
Meat Puppets,alternative rock
Three Drives On A Vinyl,trance
Wind Speaks,
Sin Cordones,
Baltic Nature Sounds,rain
Balthazar,belgian indie
our distant worlds,
Paula Cole,ectofolk
M83,french shoegaze
Mutant Melodies,
Unwritten Law,pop punk
Tokyo Ska Paradise Orchestra,j-rock
The Smashing Pumpkins,alternative metal
Jenny Lange,background piano
Crista Galli,
The Lightning Seeds,britpop
Pixies,alternative rock
Anthony Keyrouz,arab electronic
De Bueyes,argentine rock
The Cranberries,irish rock
Sr. Bikini,instrumental surf
Metronomy,alternative dance
chillchild,background music
Kings of Convenience,bergen indie
Rasel,electro latino
Semisonic,pop rock
Andre Ehmann,
Zurdok,indie rock mexicano
Portrait of Nature,
Black Sabbath,album rock
The Nature Soundscapes,rain
Casiio,
Cleantha,sleep
Oneironautics,
Evanescence,alternative metal
Sophie Ellis-Bextor,dance pop
Belanova,dance pop
Eternal Ocean,
Artemio Li Fonti,background music
Efectos,sleep
Pet Shop Boys,art pop
X.L.T,rain
"Dawn, Dawn, Dawn",background music
New Order,art rock
Prince Royce,bachata
Rammstein,alternative metal
Jane Winther,kirtan
Javiera Parra,chilean indie
Tuva Meyer,sleep
JETFIRE,belgian edm
Lumi Couri,sleep
Texas,dance pop
Australian Crawl,australian alternative rock
Northerly Nature,rain
Abe Hathot,432hz
Calil,colombian pop
Los Gatos Rockabilly,rockabilly en espanol
Balerom,musica costarricense
Armenia,colombian rock
Four Robes,
TV On The Radio,alternative dance
Sonic Ark,
Los Pilotos,granada indie
Sadhana Sargam,classic bollywood
Artipico,rain
Luis Miguel,bolero
Adam Specter,
Elsa y Elmar,colombian indie
Suite Doble,indie tico
Marc Barreca,experimental synth
Alphabetics,rock tico
Cher,atl hip hop
Summer Showers,rain
Soul Resonance,
Forest Rain FX,rain
Ganja,latin alternative
Luna S.,shamanic
The Magic Box,
Butterfly Wings,
Tears For Fears,new romantic
Shaman,water
Rim-Shaz,sleep
Los Ajenos,musica costarricense
Lacuna Coil,gothic metal
Tessa Ia,mexican indie
Tejal Yann,background music
Abominables,deep latin alternative
Bush,alternative metal
Keira Conlon,background music
R. Guru,rain
The Sleep Specialist,sleep
Cabezones,argentine metal
Duran Duran,dance rock
Avery Young,background music
Kaiser Hulenstadt,
Aquaplasm,rain
Comodo,
Bersuit Vergarabat,argentine rock
Charlotte Gainsbourg,art pop
AC/DC,australian rock
The Roots,alternative hip hop
La Era de Acuario,psicodelia mexicana
FANAR,
Heart of Fjorgyn,rain
"Francisco Barrios ""El Mastuerzo""",blues mexicano
Eva Slott,background music
Solene Edgar,sleep
Topic,dance pop
Bella Álvarez,colombian indie
Rosetta Arroyo,sleep
Lupe Sinsonte,background piano
Snow Patrol,irish rock
Alex O'aiza,
Keith Karman,
Leviticus Orion,
Lugar,latin worship
Joyce Dulaney,
Manu Piró,
JNS,latin
TOOL,alternative metal
Stevie Nicks,album rock
Maskatesta,latin alternative
Los Blenders,latin rock
John Travolta,hollywood
The Damned,alternative rock
Michael Jackson,pop
Groove Crackers,brazilian edm
David Fonseca,portuguese rock
Garbage,alternative dance
República Fortuna,musica costarricense
Kansas,album rock
Maná,latin
Najma Wallin,sleep
NAYAT,
Aeiou,
Energy 52,bubble trance
Yo La Tengo,alternative rock
Polar Gang,
Manuel Medrano,colombian pop
Matter and Energy,background music
Cecilia Krull,spanish pop
Marek Hemmann,deep euro house
Candlebox,alternative metal
Dreamy Drops,rain
Rubicon Fray,
Norah Wallentin,sleep
Devinney,
Golden Slumber,
Supergrass,alternative rock
Maui Sam,
Los Rodriguez,argentine rock
Lucia Guiada,musica de fondo
Podcast – Capa 8,
Café Tacvba,latin
Los Makenzy,colombian indie
Nyno Vargas,flamenco urbano
Sleep Therapist,sleep
The Lemonheads,alternative pop
Royden Beaudoin,
Juana Molina,argentine indie
Stormy Station,rain
A la mierda el qué dirán,
Fiona Apple,art pop
David Wingo,soundtrack
Barbi Recanati,argentine alternative rock
less.people,chillhop
Guided By Voices,alternative pop
Deep Zones,
BLVKSHP,sleep
Juliana Stipe,sleep
Jurassic 5,alternative hip hop
Ska-P,ska
Arrabalero,colombian indie
The Offspring,alternative metal
Meditación Guiada | Meditaciones Guiadas | Sí Medito,
Azul Violeta,funk mexicano
Ebb & Flod,background music
Wet Wet Wet,boy band
Aysha Mathis,sleep
Toledo Rains,background music
Red Hot Chili Peppers,alternative rock
Christian Löffler,electronica
Real De Catorce,blues mexicano
Athmospherical FX,rain
Dream Phobia,study beats
MIEL,latin christian
Rain Rec.,
Primal Scream,alternative rock
Chris Cornell,alternative metal
PDC RAIN,rain
The Doors,acid rock
Sofia Rain,
Mayol,
Daniel Melero,argentine indie
KISS,album rock
La Vida Bohème,caracas indie
Therion,gothic metal
Musica relajante dormir,musica de fondo
LeBaron,latin rock
Threedust,chill beats
Nirvana,alternative rock
Little Jesus,indie rock mexicano
Jorge Milliano,
Sampling XL,rain
JEFFK,
Patterns,indie tico
April Shower,rain
The Ocean Blue,dream pop
Project AER,
Adan Jodorowsky,mexican indie
Luna Lighthouse,
Barenaked Ladies,canadian pop
Elm Lake,background music
EON NOIRE,background music
Aster,mezmur
Bali Rain,
Static-X,alternative metal
Blackbird Sons,nwocr
Jenny And The Mexicats,latin alternative
Alegrini,rain
Aida Bossa,cumbia
Weather Pass,rain
Gates of Heaven,
Justin Bieber,canadian pop
Todos Tus Muertos,argentine hardcore
Feldgeister,sleep
xerLK,background music
Raül Refree,euskal musica
PJ Harvey,alternative rock
Sheryl Crow,lilith
Harrison,pop dance
Torm Mentas,rain
Radiohead,alternative rock
Miguel Mateos - Zas,argentine rock
El Shirota,cdmx indie
Aileen Morais,
Dark Focus,
Huma,sleep
Leaves' Eyes,celtic metal
Fidi Bie,
Dvicio,latin
Fields Of Gold,
Skay Beilinson,argentine rock
Linkin Park,alternative metal
Ensemble Cordes De La Mer,
Ultrasonicas,garage rock mexicano
Hombres G,latin
Tori Amos,art pop
Travis,rap
Radaid,rock progresivo mexicano
Naturally Recurring,background music
Rainbow Rise,
Michel LeBond,atmosphere
Miguel Castro,
Mad Chronic,study beats
La Renga,argentine rock
Duncan Dhu,cantautor
Bebe,dance pop
Mia Radcliffe,
Marilyn Manson,alternative metal
Nue,rain
Bryan Adams,canadian pop
Hole,alternative rock
Consulado Popular,colombian rock
Ecovillage,indie shoegaze
Everaire,
Jobii,
The Sound Of The Rain,rain
Mauro Samaniego,ecuadorian indie
Towerz,
Santa Sabina,latin alternative
Joan Jett & The Blackhearts,glam punk
Adumbration,
El Último Ke Zierre,punk urbano
Meditation Relax Club,sleep
Dhyāna One,singing bowl
David Bowie,art rock
Bandalos Chinos,argentine alternative rock
John Waite,album rock
Keira Barton,
311,alternative metal
John Goodlove,
Peaceful Melody,
The Guess Who,album rock
Cradle Of Filth,black metal
Alejandro Filio,cantautor
Sound FX Pro,
Kanisan,
Fin del Mundo,argentine indie rock
Jack Off Jill,riot grrrl
MusicoterapiaTeam,musica de fondo
Blondie,candy pop
Remy Zero,alabama indie
"Daniel, Me Estás Matando",mexican indie
Airwaves,pop punk
Public Image Ltd.,alternative rock
Let's Find Out,
Derek Fiechter,middle earth
Rigaud,
Boreal Embla,sleep
Klaangen,sleep
Dropology,rain
The Rolling Stones,british invasion
Wet Forest,rain
Szymon Kowalczyk,
Ilan Rubin,
Sierra Rubio,
Roman Melass,background piano
Sezja,sleep
Birds & Bees etc.,rain
El Parque,musica costarricense
Interpol,alternative dance
Óscar Chávez,bolero
Dimitri Vegas & Like Mike,belgian dance
Coal Chamber,alternative metal
Couzens,
Alan Ellis,background music
Lanza Internacional,chilean rock
Rain Sounds Rain,
Weather and Nature Recordings,environmental
Forest for Rest,
El príncipe idiota,argentine indie
SUND,socal indie
Alanis Morissette,canadian pop
Brahma Kumaris,world meditation
Mohammed Naiem,
Enui,dance pop
Ché Wilson,
Bodanny,
August Wilhelmsson,background music
The Pharcyde,alternative hip hop
Belinda,dance pop
KAVVO,
Smoothe Sounds,shush
David Payne,sleep
Effectum,rain
Gin Blossoms,alternative rock
LosPetitFellas,colombian hip hop
COSAS,indie tico
Vantroi,punk rock mexicano
Mayeda Taki,
Eva Ryjlen,spanish modern rock
Lamb & Mountain,
Eterna Inocencia,argentine hardcore
Sleep Baby Sleep,sleep
Deborah de Luca,electra
Mindfacts: Esguinces mentales,
Las Dianas,granada indie
LCD Soundsystem,alternative dance
Charmaine D'Avis,sleep
Paul Oakenfold,big beat
Conor Maynard,dance pop
MARUV,russian pop
Pathos Humano,background music
Bob Marley & The Wailers,reggae
The B-52's,art rock
Charlie Monttana,mexican rock
Scorpions,album rock
tecashi,
B.B. King,blues
8k Sound Library,rain
The Destination,sleep
Pink Floyd,album rock
Arushi Jain,modular synth
Depeche Mode,dance rock
Vicente Garcia,bachata
pluvia,environmental
Cosmic Gate,edm
Light & Sound,sleep
Metamyther,
Cuca,latin alternative
Phlocalyst,lo-fi jazzhop
Jaguares,latin alternative
Tibetanian,
George Thorogood & The Destroyers,album rock
Jósean Log,mexican indie
Heroes Del Silencio,latin alternative
Vic Mars,folktronica
Spinnerette,
Jamiroquai,dance pop
Sia,australian dance
Plastiko,latin alternative
Rebel Cats,mexican rock
Beck,dance pop
Andrés Calamaro,argentine rock
Rain In Spain,rain
Danny Shamoun,
Iselinn,
Epektase,
Judi Khan,sleep
Vugh Gardens,
YA LO SABIAS,
Storm Machine,rain
Martin Gore,ambient techno
Doctor Neiman,
Nadie Sabe Nada,
Cut Copy,alternative dance
Slowdonia,
"oh, the joy.",sleep
Live,alternative metal
Massacre,argentine indie
Avalanch,latin metal
Royal Rain,rain
Nacha Pop,cantautor
The Jesus and Mary Chain,alternative rock
Chavela Vargas,bolero
Chama Wijnen,
Los Straitjackets,instrumental rock
Clouderr,
Benjamín Walker,chilean indie
Adam By Nature,
Drowning Pool,alternative metal
Lola Indigo,latin pop
Los Prisioneros,chilean hardcore
Tobogán Andaluz,argentine alternative rock
Insomnia Curator,
Forest Sounds,environmental
The Jacksons,disco
Shawn Mendes,canadian pop
Morodo,latin hip hop
HIM,dark rock
Jedisol,background music
Relajación océano y olas,musica de fondo
Testament,alternative metal
Ramones,classic rock
Camilo,colombian pop
Sala de Espera con AlvinSch,
Dolores Fernel,
Outdoor Field Recorders,environmental
Jonathan Goldman,bandoneon
Twinkz,study beats
JAM Project,anime rock
Kill Aniston,indie rock mexicano
MEDUZA,edm
Avenged Sevenfold,alternative metal
Adrian Bello,peruvian indie
Nikolaj Geisler,
Science from Above,
Miguel Bosé,latin
The Anonymous,
Rey Pila,indie rock mexicano
Lost Acapulco,mexican rock
90sFlav,lo-fi beats
I Blame Coco,
Arush Mandal,background music
Made Of Gold,
Rain Wonder,
Liwia Antas,
Two Door Cinema Club,indietronica
Massive Attack,big beat
Puente Celeste,argentine jazz
Hedda Young,
Ill Niño,alternative metal
Puscifer,alternative metal
The Go-Go's,album rock
DreamDrops,rain
Karlis Volt,sleep
Los Calzones,latin alternative
Vance Joy,folk-pop
New Sounds Of Nature,rain
Sepultura,alternative metal
Methods of Mayhem,nu metal
Flavio Nisi,
Enlightment Spirits,background music
Buenos Muchachos,rock uruguayo
Kabah,dance pop
Kenichiban,
Elton John,glam rock
Ingeborg,
Garrobos,latin metal
Fito Paez,argentine rock
Inspector,latin alternative
Dorian,latin rock
Constellation Sound,
The Living End,australian alternative rock
H.1,
Peter Graham,
The Black Crowes,album rock
Kaua Correia,sleep
Alma Meris,background music
Regard,dance pop
Alannah Hammer,
The National,indie rock
Meditación Maestro,
Millionen Tropfen,rain
K's Choice,alternative pop
El Cuarteto De Nos,argentine rock
Malik Jeremiassen,sleep
Method Man,east coast hip hop
Killing Joke,gothic rock
The Silent Ocean,
Queens of the Stone Age,alternative metal
Pantera,alternative metal
Tom Morello,modern alternative rock
Clara Nishimoto,japanese piano
Pandrezz,lo-fi beats
KAROL G,latin
Daft Punk,electro
Avicii,dance pop
Zhao Li,
Pablo Carbonell,
Bruno Mars,dance pop
Pearl Jam,grunge
Razones de Cambio,rock chapin
Alex Ferreira,mexican indie
The Gaslight Anthem,heartland rock
Melissa Etheridge,heartland rock
Lonelysoul.,
Daniela Spalla,indie cordoba
Stereo Outdoor Sampling,sound
Ellie Goulding,dance pop
Ajmw,chillhop
Elastica,alternative pop
Vorssenn,asmr
Electrodomesticos,chilean indie
La Mosca Tse-Tse,argentine rock
Nayantara,
Metallica,hard rock
Los Victorios,latin alternative
Melanie Martinez,alt z
Tracy Chapman,folk
Korn,alternative metal
Aurora y La Academia,latin alternative
Bah Zen,
Róisín Murphy,alternative dance
Ben Scott / Christa Michell,meditation
Estados Alterados,colombian rock
Lavinium,rain
System Of A Down,alternative metal
Volován,latin alternative
Dust Merchant,
Zen Gaya,zen
Wade Jackson,
Javier Corcobado,
goosetaf,chillhop
Don Omar,latin
Bed of Flowers,
El Guato,musica costarricense
Olivia Newton-John,adult standards
Ángeles Del Infierno,latin metal
Victimas Del Doctor Cerebro,latin alternative
Andry Bett,
Poylow,
Mägo de Oz,celtic metal
Dawn Huntley,
Drone,sleep
Elof Sunflower,singing bowl
Laura Branigan,disco
13 Millas de Libertad,rock tico
The Verve,alternative rock
Parapluie,rain
Joan Osborne,folk
Viernes de Hongos,latin surf rock
Drop To Drop,rain
San Pascualito Rey,indie rock mexicano
Lucybell,chilean indie
Flows of Sleep,rain
Weezer,alternative rock
Willie Colón,salsa
Still Dreams,
Intentional Vibes,background music
Los Rumberos,mexican pop
Veruca Salt,alternative pop
Weather Watcher,rain
Chase Atlantic,pop
Fury in Few,
Done Again,
The Strokes,alternative rock
Annie,mellow gold
Touch of Spades,
Los Amantes De Lola,latin alternative
The Church,alternative rock
Von Goo,
STRIATUMS,
H20 Recording,rain
Jiao Ch'ien,
Silver Maple,background music
ASKØ,brazilian edm
Garden of Lotus,
Emilíana Torrini,electronica
La Lupita,latin alternative
Rush,trap argentino
Granular FX,rain
Japanese Shamisen Jiuta Ensemble,japanese traditional
Los Ángeles Azules,gruperas inmortales
Deep Rain Sampling,environmental
Alter Ego,
Elevated Minds,
TABAL,lo-fi beats
Filter,alternative metal
Saliva,alternative metal
Sister Luna,
The Last Shadow Puppets,alternative rock
Foster The People,indietronica
Porcupine Tree,alternative metal
Ted Nugent,acid rock
Sweet Daylight,
The Ting Tings,alternative dance
Billy Bond y La Pesada,argentine rock
Illya Kuryaki & The Valderramas,argentine indie
Lenny Kravitz,permanent wave
CAKE,alternative rock
Egopusher,
Titán,orchestral soundtrack
Ana Sanz,
El Columpio Asesino,latin rock
Indila,french pop
Kylie Minogue,australian dance
Eamonn Watt,
Callisto Mazzi,
Sabo Romo,mexican rock
David Guetta,big room
Radio Kaos,latin alternative
Selma Ström,sleep
Franz Ferdinand,alternative dance
Green Day,permanent wave
The Valley Mist,
Hello Seahorse!,indie rock mexicano
La Derecha,colombian rock
El Gran Silencio,latin alternative
Mestizo,
Mala Rodríguez,latin alternative
SARAB,german reggae
Leslie Winer,dub poetry
Finn X,
Zibra Inguzu,background music
Glamii,
Artur Mas,
Xandria,german metal
Ambulo,lo-fi beats
Caso 63,
Madonna,dance pop
Iron Maiden,hard rock
Idzi Kowalczyk,
Martin Gauffin,background music
Damian Marley,reggae
José Capmany,musica costarricense
Mindful Audio,rain
Adeline Verver,sleep
Queen,classic rock
Drifting Phonetics,
Inkognitone,background music
Paté de Fuá,jazz mexicano
Mad Season,alternative metal
Island Nature Sounds,rain
Natsound,rain
Taburete,spanish pop
Elevie J,sleep
Hummersqueal,latin alternative
Nadie,colombian rock
La Banda del Bisonte,colombian rock
Kamal Ra,
Deep Sleep Music Collective,sleep
She Wants Revenge,alternative dance
Bunbury,latin alternative
Bikini Kill,olympia wa indie
2021 Wrapped,
Art Lounge,
La Chicatana,
Tono,dominican pop
Ruud Vanderwege,background music
Creed,album rock
Courtney Love,alternative rock
Gülay de Wind,
Galbinus,
Bebe Rexha,dance pop
Motörhead,album rock
Suicidal Tendencies,alternative metal
Fernanda Roig,
The Gathering,atmospheric doom
7 Year Bitch,grunge
Sun Of Sanny,
Naughty By Nature,east coast hip hop
Platzi Podcast | Humans of Platzi,
Goldistic,
fun.,latin christian
Emmanuel Horvilleur,argentine indie
Manu Chao,latin alternative
Sleep Lab,
Deep Purple,album rock
JBE Nature Sounds,sound
Cascada de Lluvia,musica de fondo
Reyno,latin rock
Don Tetto,colombian rock
Silverchair,alternative metal
Stisema,
Sentidos Opuestos,latin
The Stooges,alternative rock
Elmau Dunkel,background music
Bajofondo,neotango
PANKIDZ,brazilian edm
Nova Cantabile,
Ratt,album rock
Christina Rosenvinge,latin rock
MOTi,dance pop
Programadores Anónimos,
Video Games Live,scorecore
La Naturaleza Del Sueño,musica de fondo
Soul Asylum,alternative rock
Royal Club,ska mexicano
Bat For Lashes,alternative dance
SFDK,rap underground espanol
Diles que no me maten,mexican rock
Christian Nodal,mariachi
Vetusta Morla,cantautor
Amaia Bescós,
Karamelo Santo,argentine rock
Martina Bower,
sumyeon uisa 수면 의사,rain
Julieta Venegas,latin
Sleep Factory,rain
Ray Parker Jr.,disco
Anneke Van Giersbergen,
Cypress Hill,chicano rap
Nature Recordings,asmr
Pro Sounds of Nature,rain
Wangmo Lhamo,singing bowl
Lori Dulac,
Javiera Mena,chilean indie
Morbo,argentine indie
Erman Erim,
Isaques Blues,
Largas,
Forest Soundscapes,environmental
Study Radiance,shush
Capital Rain Sounds,rain
Melting Sunset,
Sureborn,
Solidão,
Bajo Tierra,colombian rock
Bauhaus,alternative rock
Maldita Vecindad Y Los Hijos Del 5to. Patio,latin alternative
SpoonBeats,focus beats
Lily Augustadt,
LasKee,
humidum,rain
Digital Farm Animals,uk dance
La Ley,chilean rock
Elsa Greeve,
Universal Balance,
brillion.,lo-fi beats
Epic Soundscapes,sound
Tonal Blues,
Marisela,latin
Amanda Miguel,bolero
Moments Of Peace,background music
Nagawa Meditation,
Regendans,rain
Sebastian Yatra,colombian pop
Jimmy Eat World,alternative rock
The Runaways,early us punk
Vibrational Winds,
Drenched Trees,rain
Culture Club,disco
The Chemical Brothers,alternative dance
Porno for Pyros,alternative rock
The Shamen,acid house
INYECTORES,peruvian punk
Joseph Alphane,
Cuidado con las macros ocultas,
Tiempo de relajación natural,musica de fondo
Mondo Loops,
Blind Melon,alternative metal
Ernia,italian hip hop
Kensa Mitchell,binaural
La Maquina De Hacer Pájaros,argentine rock
Lunachicks,power-pop punk
Panteon Rococo,latin alternative
CSS,alternative dance
Night FX,rain
Donato Manna,
Filosofía de bolsillo,
Beastie Boys,alternative rock
Zahara,cantautor
nrg,
Nightwish,finnish metal
Pito Perez,latin alternative
The Psychedelic Furs,art rock
Riesgo de Contagio,mexican rock
Lucas Delphy,
$6 Million Dollar Weirdo,mexican indie
Tarja,gothic metal
Milo Graves,background music
Deszcz,rain
Mon Laferte,latin
Mother Nature Sound FX,environmental
Heart,album rock
How to Be Awesome at Your Job,
Rex Orange County,bedroom pop
Natures Acoustics,rain
Zims Ele,sleep
Bratty,mexican indie
Tame Impala,australian psych
Fugazi,alternative rock
Oscar O'Keefe,
Victor Kovacs,
Covenant,
Laksmi Sand,
The Mamas & The Papas,brill building pop
Villagers,chamber pop
Poison,album rock
Madness,new wave pop
Billy Idol,album rock
NREM,binaural
Gustavo Cordera,argentine rock
Hamlet,latin metal
Dead Can Dance,dark wave
Days Of The New,alternative metal
Library Tapes,ambient
Nairuz,
Kashmir,danish alternative rock
Ximena Sariñana,latin
Mecanica Popular,chilean indie
Transa,deep progressive rock
Todd Terje,alternative dance
Natures DNA,rain
José José,bolero
Reverend XYZ,
Sea of Waves,sleep
Elfva,
RELATOS ERÓTICOS El Caballero Oscuro,
Reiki Armonía,musica de fondo
Matchbox Twenty,neo mellow
Chihei Hatakeyama,ambient
Laila Wollo,sleep
Pauline Huijbers,sleep
Eddie And The Getaway,
ELYELLA,spanish modern rock
Aleks Syntek,latin
Alma Forest,
Leon White,background music
Raning Spot,rain
Johnny Marr,britpop
Mallias,
Threading Hair,
The Coral,britpop
R.E.M.,alternative rock
LoneLady,chamber psych
sweet planet,
Ben Jinn,
Antologie,background music
Escape Gravity,
Velvet Revolver,alternative metal
Donald Beaudoin,sleep
Lulu Helensworth,
Hammock,ambient post-rock
Revólver Plateado,colombian rock
Pioggia Notturna,rain
Machine Learning en Español,
The Cars,album rock
deadmau5,canadian electronic
Flute Music Ensemble,
SwuM,chillhop
Fouad Elalamy,
William Edessa,background music
Big Data para Negocios,
Soulfly,alternative metal
The Donnas,candy pop
Música de concentración profunda,musica de fondo
Orquesta Mondragon,cantautor
Natalie Imbruglia,dance pop
Dinosaur Jr.,alternative pop
Sea Of Marmara,
Arbol De Ojos,colombian indie
Jennifer Lopez,dance pop
Caifanes,latin alternative
Gloria Trevi,latin
Stray Cats,instrumental surf
Mando Diao,dalarna indie
Doja Cat,dance pop
Sleeping Clouds,
Yann Tiersen,bow pop
Siouxsie and the Banshees,alternative rock
Deftones,alternative metal
Sussie 4,electro latino
Paramore,candy pop
Majestic Sleep,background music
Kharl Rosenbloom,
Zanoii,
The Cure,new wave
The Clash,classic rock
Fabulas Aticas,rock chapin
Clam Pass,rain
HELLYEAH,alternative metal
Lluvia del Bosque,musica de fondo
U2,irish rock
Many Moons Ago,acoustic chill
Keane,neo mellow
HEALTH,grave wave
Les Bois Noirs,
Papa Roach,alternative metal
Two Feet,indie poptimism
Moby,downtempo
The Specials,punk
Los Planetas,granada indie
Jane's Addiction,alternative metal
Dope,alternative metal
Juliette & The Licks,power-pop punk
Goldfrapp,alternative dance
Toad The Wet Sprocket,alternative rock
August John Enrique,background music
Ostrava Recordings,rain
Nordesía,
Muse,modern rock
Wellness N Wellness,
Dreamabout,
Surfistas Del Sistema,latin rock
Hakone,
Cultura Profética,latin alternative
El Chojin,rap conciencia
Blue Motyl,
Bloc Party,alternative dance
Rival Sons,alternative roots rock
Kany García,latin
Crystal Voices,healing
Will Smith,hip hop
Spacewaves,sleep
Vilma Palma e Vampiros,argentine rock
Crazy Town,alternative metal
Major Lazer,dance pop
Stone Temple Pilots,alternative metal
Sandoval,latin
Starship,album rock
Robomani,
Shaun Bertsch,
Melvins,alternative metal
Sebastian Kamae,chillhop
The Mist,rain
Sanja Göransson,sleep
Chusi Vega,
Rain Makers,water
Star River,
Mandala Ohm,
Oingo Boingo,dance rock
Rodrigo,pop
Cafe Music BGM channel,
Divididos,argentine rock
Seether,alternative metal
Joel Corry,dance pop
Catupecu Machu,argentine punk
Yonder Dale,background music
The Knack,album rock
Twisted Sister,album rock
Denise Santoz,background piano
Cedar Woods,
Melissa Auf der Maur,rock quebecois
IZAAX,
RHODES,
Ferndale,sleep
Ella Ravn,
Theatre Of Tragedy,gothic metal
Nine Inch Nails,alternative metal
Rain Palace,rain
Kings of Leon,modern rock
Jerusalem in My Heart,arab experimental
Dido,new wave pop
Foghat,album rock
Slipknot,alternative metal
Tellus Recordings,rain
Portugal. The Man,indie rock
YoSoyMatt,nuevo folklore mexicano
Audiomachine,epicore
Coldplay,permanent wave
Hanson,boy band
Johann Eder,background music
Infinite Nite,background music
Yasumu,
Alejandra Guzman,latin
Minnie Delarosa,
Perducci,
Mikel Erentxun,cantautor
Noise and Nature,
Daniel Pearson,
DARKSIDE,downtempo
Camila Moreno,chilean indie
Zero Degrees Celsius,background music
Alma Grøtte,
Eyla Calmes,sleep
Last Memories,
Lauren Whyatt,
Travis Scott,rap
S.A. Karl,background piano
The Chamanas,chihuahua indie
Jupiter Grains,atmosphere
Roxette,europop
Mari Cafferty,
Brandon Flowers,modern rock
Medi Rela,rain
Don Cornelio Y La Zona,argentine indie
Pierre Delongpre,background music
Dream Runner,background music
Warrant,album rock
One Stop,sleep
León Larregui,latin alternative
Mvnday,
The Marías,bedroom pop
A.N.I.M.A.L.,argentine heavy metal
Wonderful Escape,sleep
Dreamsound,rain
Miami Sound Machine,new wave pop
Fobia,latin alternative
Simple Minds,art rock
Mimi Maura,argentine reggae
La Barranca,latin alternative
The Hives,alternative rock
Ani,funk carioca
Destiny's Child,dance pop
Movimiento Original,chilean rock
UnSun,gothic metal
Curiosidades de la Historia National Geographic,
Miley Cyrus,dance pop
Tijuana No!,blues mexicano
Class of '99,supergroup
El Personal,latin alternative
Lena Bickeby,
Gandhi,musica costarricense
Audioslave,alternative metal
Tranzas,ecuadorian pop
Lama Dorje,tibetan mantra
Eminem,detroit hip hop
Foo Fighters,alternative metal
Suzi Quatro,classic uk pop
Briela Ojeda,colombian indie
Ely Guerra,latin alternative
Placebo,alternative rock
The Police,album rock
Mano Negra,french rock
Yuridia,latin
Ascension,tone
Adam Storme,rain
John Frusciante,acoustic rock
Alan Silvestri,orchestral soundtrack
Matt Bianco,new romantic
Niccolò Pagliani,
The Golden Islands,background music
Broken Bells,alternative dance
Finnolia Sound Effects,sound effects
Recorder Rain,rain
Razorlight,britpop
Rancid,punk
James,pop
Comet 1993,
Arden Forest,background music
Jethro Heston,deep groove house
Ha*Ash,latin
El Shavindar,
Dominique Marais,background piano
Primus,alternative metal
Majestic,house
Sebastián Escofet,argentine ambient
The Breeders,alternative pop
Nacho Vegas,cantautor
Bibula,rain
NOOMA,
Ludwig van Beethoven,classical
Natural Sound Makers,rain
Euloria,sleep
CoryaYo,chillhop
Second,boy band
Island Drizzle,rain
No Doubt,alternative rock
Vera Fauna,sevilla indie
Joel Moin,sleep
Marco Nobel,
Le Butcherettes,garage rock mexicano
Clyde Boudreaux,background music
Jeanelle Bolduc,background music
Sleepy Clouds,sleep
Barón Rojo,latin metal
Limp Bizkit,alternative metal
Piso 21,colombian pop
The xx,downtempo
Scintillante,sleep
Mike Kelly,
Viejas Locas,argentine rock
ZAYN,dance pop
Deva Premal,kirtan
Fannie Shelton,
Los Enanitos Verdes,argentine rock
Megan Wofford,
Ministry,alternative metal
L7,alternative rock
Maroon 5,pop
Invertivo,
ATB,german dance
The Black Keys,alternative rock
Nadia Bulic,sleep
Imvula,
Yolta,background music
La Castañeda,latin alternative
Zoé de Vera,
Green Valley,reggae catala
Bon Vie,background music
Cosmic Nuit,
The Weeknd,canadian contemporary r&b
Adanowsky,latin alternative
Elena Aedile,
Natures Orchestra,rain
Thomas Bergersen,epicore
Def Con Dos,rap metal espanol
Rockwell,
Interstellar Journey,
lumen,rain
Wissal Sakti,
Alan Walker,electro house
The Earth & I,
Habermann,
Waht Poo,atmosphere
Nils Klein,
Danza Invisible,spanish new wave
Cyndi Lauper,disco
Horsey,
Pescado Rabioso,argentine indie
Lacrimosa,gothic metal
Saratoga,latin metal
Van Halen,album rock
Yi Nantiro,instrumental lullaby
Grupo Niche,latin
Joaquín Sabina,cantautor
Franz Gordon,background music
2 minutos,argentine punk
Monjes Tibetanos,musica de fondo
Løkss,sleep
Joaquín Cardiel,
Mind Explorer,
Juliette Lewis,
Relax 4 Relax,432hz
Mamita Peyote,argentine reggae
Arranquemos del Invierno,chilean indie
Cine y Alcohol ,
Onda Vaselina,latin
Poemme,
Shocking Blue,classic rock
Calo,guadalajara indie
Luisa Almaguer,indie triste
Los Auténticos Decadentes,argentine rock
Romeo Santos,bachata
El Otro Yo,argentine indie
Aurora Blue,
The Vines,alternative rock
Koby Laver,background music
Los Vikingos Del Norte,chihuahua indie
Alm Bark,asmr
The Wallflowers,alternative rock
O.A.S.,
Filosofía Aplicada (a la vida),
Tooth & Nail,
Beyond The Last Star,
Dream Theater,neo classical metal
Meditative Mind,kundalini
Gepe,chilean indie
Virus,argentine rock
Genitallica,latin alternative
Faith No More,alternative metal
Ofenbach,dance pop
Acacia,
Neurotic Outsiders,supergroup
Tranquil Spirits,
Alaskan Tapes,compositional ambient
Benny The Asteroid,
Carla Morrison,mexican pop
El Tri,latin alternative
Creedence Clearwater Revival,album rock
REYN,classic venezuelan pop
Ambature,
Celso Piña,chicha
Markus Steinberg,
The Cardigans,dance pop
Xumantra,healing
Volbeat,alternative metal
Fleetwood Mac,album rock
HD Rain and Water,rain
Moomu,sleep
Bon Jovi,glam metal
Portishead,dark pop
Boleen FX,rain
Nortec Collective,latin alternative
Hilma,
Astron,background music
Mike Molloy,
Bruce Springsteen,classic rock
Descendents,melodic hardcore
Tom Ashbrook,compositional ambient
Denise Rosenthal,pop chileno
Wolfgang Snow,sleep
Loverboy,album rock
Son&Dad,acoustic cover
Attaque 77,argentine punk
Pontus De Bjorn,
Filterscape,
Raie,
Black Eyed Peas,dance pop
Steven Halpern,healing
Mœnia,latin
Atmospheric Force,rain
Skunk Anansie,british alternative rock
Équipage ambiant,rain
Hoobastank,alternative metal
Birdy,pop
It Will Make Me Whole,rain
Lukkii and The Whale,
Jumbo,latin alternative
Alannah Myles,classic canadian rock
Courtney Barnett,art pop
Yùhé 愈合,sound
Spirit Minds,background music
Thunderstorm Sleep,environmental
Nuwan,
Jordane Tumarinson,
Relaxcation,rain
Universo,sleep
Precip,rain
Juliana Gattas,
Los Rabanes,latin alternative
Vincent Fanguro,
Tony Scott,jazz clarinet
Fallin Moon,
Dave Gahan,alternative dance
Imber Levis,rain
Skyyy,rain
Donna Summer,dance pop
Study Alpha Waves,brain waves
Robert Miles,dream trance
Mother Earth Sounds,sound
Jaime Jacobs,
Lila Downs,latin alternative
Christine Papst,background music
Jon Hopkins,ambient
Evolución,musica costarricense
Phil Collins,mellow gold
DGHTR,study beats
Molotov,latin alternative
Liquid Planet Recordings,rain
Mudvayne,alternative metal
The Stormwater,rain
Armonikos,
Sospechosamente Light,
Imbrem,rain
Nature Sound Series,environmental
Anton Fargau Petrini,
The Goo Goo Dolls,alternative rock
Dardan Leistra,
Pascal Peaceful,
Million Drops,rain
Opal Fangs,
Demi Waters,background piano
Jan Sandgreen,background music
Unwritten Skies,sleep
Billie Eilish,art pop
No Te Va Gustar,latin alternative
Kase.O,spanish hip hop
Estado De Calma,background music
Draco Rosa,latin alternative
Carpo Di Nemo,
Castor & Pollux,
E and K,
Rauw Alejandro,puerto rican pop
Florence Adame,sleep
Arcade Fire,alternative dance
Diego Lorenzini,chilean indie
Genevieve Harding,
Marco Schultz,kirtan
Mjuk,sleep
Devendra Banhart,freak folk
Bomba Estéreo,cumbia
Hideo Osaka,japanese traditional
Jennifer Dileo,
Dave Matthews Band,jam band
Heddwch,
Lush Waves Creators,rain
La Hora Perturbadora,
Leny Bhoelai,background music
Juan Cirerol,baja indie
Elise Ryen,sleep
Sycorax X,
Los Toreros Muertos,latin alternative
Sohn Aelia,sleep
Cola Jet Set,spanish indie pop
ame,dominican pop
Pacific Rain,rain
Zoé,latin alternative
Nawang Khechog,healing
Whitesnake,album rock
Daddy Yankee,latin
Taylor Swift,pop
Aiolos Rue,chill beats
Delta Shores,
Bad Religion,punk
Greta Van Fleet,modern blues rock
Ragazzi,latin pop
Aqualogic,rain
Varsha Macias,
Paradise Lost,death metal
Aquamoon,rain
The Gods and I,
Lykke Li,art pop
The Music,britpop
La Unión,cantautor
El Mató a un Policía Motorizado,argentine alternative rock
TELEBIT,colombian rock
Tropa 56,punk tico
JJ72,irish indie rock
Crystal Fragments,background music
No Spirit,
Love and Rockets,dream pop
Monsieur Periné,colombian pop
Wilson Mabo,
Agnes Sayjno,
Leonid Antonov,
Los Pao Paos,
Gianni Goggia,sleep
Nature Vibrations,rain
Niklas Blumenthaler,
Emotional Pleasure,sleep
Morrissey,britpop
Luis Eduardo Aute,cantautor
La Gusana Ciega,latin alternative
Anima,djent
Residente,venezuelan hip hop
Joy Division,alternative rock
snowfx,
Descartes A Kant,mexican indie
The Joe Rogan Experience,
The Wild Project,
Monster Magnet,alternative metal
The Exies,alternative metal
Dayglow,austindie
Helike,
AFI,emo
Pahua,tropical alternativo
Chelsea Wolfe,dark pop
Tenno,japanese chillhop
Hootie & The Blowfish,mellow gold
Sumo,argentine reggae
Ev,pop venezolano
Silent Clouds,
Margaretha van Baarle,
Angelfish,
Lhokanda,background music
Ladyhawke,alternative dance
Los Elasticos,latin surf rock
Danzig,alternative metal
La Parrockia,
Amba Naturale,
Epic Nature,rain
.Sinh,
Serú Girán,argentine rock
The All-American Rejects,modern rock
Waves of Life,
Magnetic Dreams,
Erasure,europop
Fritz Kalkbrenner,german house
Juan Magán,dance pop
Flip Espeler,background piano
Oasis,beatlesque
Paula Abdul,dance pop
Disidente,latin alternative
Vas Bela,background music
Florence + The Machine,art pop
FISHER,australian house
Pablo Alborán,latin
Shakira,colombian pop
Charlie Roscoe,
